{
  "experiment_id": "hybrid_weighted_50x50_a03",
  "fusion": "weighted",
  "dense_top_k": 50,
  "sparse_top_k": 50,
  "alpha": 0.3,
  "models": {
    "embedding": "intfloat/multilingual-e5-base"
  },
  "retriever": {
    "recall_at_k": 0.8354166666666667,
    "precision_at_k": 0.11499999999999991,
    "map_at_k": 0.6329537037037036,
    "ndcg_at_k": 0.7028580673060714,
    "hit_rate": 0.91,
    "mean_query_ms": 560.113983793708,
    "std_query_ms": 32.112955501071944,
    "p50_query_ms": 565.2635419974104,
    "p95_query_ms": 605.8533694187645
  },
  "n_samples": 200
}